Name,E-Mail
"ARMOUR Residential REIT, Inc.",ssheilds0@go.com
Nuveen High Income 2020 Target Term Fund,tsailor1@shutterfly.com
General Dynamics Corporation,ihagart2@xrea.com
BlackBerry Limited,mreilly3@army.mil
Retail Opportunity Investments Corp.,bbunn4@aboutads.info
Advent Claymore Convertible Securities and Income Fund,reskriet5@oaic.gov.au
Callon Petroleum Company,pchatelet6@globo.com
Duke Realty Corporation,tchatters7@wunderground.com
Nuveen Real Asset Income and Growth Fund,agelardi8@gnu.org
Vanguard Global ex-U.S. Real Estate ETF,cmcindrew9@chron.com
"Turning Point Brands, Inc.",ggianoloa@bizjournals.com
"TheStreet, Inc.",rsheildsb@hatena.ne.jp
"A10 Networks, Inc.",lidneyc@hugedomains.com
"Medical Transcription Billing, Corp.",dscaddend@intel.com
First Bancorp,tbroadbridgee@livejournal.com
Ares Management L.P.,tfeltonf@springer.com
BB&T Corporation,tjeaning@epa.gov
McDonald's Corporation,eboiseh@bloglovin.com
First Trust Mid Cap Core AlphaDEX Fund,lsmalli@friendfeed.com
Pinnacle West Capital Corporation,lgullefordj@elegantthemes.com
Colonial Investment Grade Municipal Trust,eloveringk@unicef.org
Comp En De Mn Cemig ADS,lbratchelll@sciencedirect.com
"ShoreTel, Inc.",atrevenam@wordpress.org
"Alico, Inc.",gjudronn@devhub.com
Petroleo Brasileiro S.A.- Petrobras,dgarrattyo@com.com
SBA Communications Corporation,btrowlerp@blogs.com
Vanguard Long-Term Corporate Bond ETF,rkillockq@amazon.com
Domtar Corporation,erhysr@gravatar.com
ChromaDex Corporation,jdommetts@vinaora.com
Renesola Ltd.,jchumleyt@symantec.com
WPCS International Incorporated,nlangricku@usgs.gov
"RCI Hospitality Holdings, Inc.",nmcnaughtonv@bloomberg.com
TCF Financial Corporation,fabryw@fda.gov
"G1 Therapeutics, Inc.",amatevushevx@digg.com
"AG Mortgage Investment Trust, Inc.",srohlfy@amazon.de
Bank Mutual Corporation,hvonsalzbergz@ustream.tv
"Nutanix, Inc.",juebel10@washington.edu
"Extreme Networks, Inc.",acheel11@phoca.cz
"Photronics, Inc.",mmcgeraghty12@wikispaces.com
National Bank Holdings Corporation,dcull13@senate.gov
"NuVasive, Inc.",codcroft14@desdev.cn
"Herman Miller, Inc.",ewillson15@sciencedirect.com
"Weis Markets, Inc.",kslides16@zdnet.com
Fluidigm Corporation,bgant17@blogger.com
Arlington Asset Investment Corp,ajellybrand18@indiatimes.com
"Finjan Holdings, Inc.",bgoning19@marriott.com
Wintrust Financial Corporation,kcuesta1a@storify.com
Greif Bros. Corporation,boland1b@oakley.com
GigaMedia Limited,tnovakovic1c@delicious.com
Air Lease Corporation,irizon1d@ow.ly
"Marchex, Inc.",hdaffey1e@techcrunch.com
"YuMe, Inc.",browbrey1f@miibeian.gov.cn
Optical Cable Corporation,gcopestake1g@drupal.org
"Kayne Anderson Energy Total Return Fund, Inc.",cfieller1h@taobao.com
Capital One Financial Corporation,gveivers1i@dagondesign.com
"Randolph Bancorp, Inc.",ogrimbleby1j@elpais.com
VOC Energy Trust,rmacardle1k@amazon.co.jp
SpartanNash Company,nkaye1l@imdb.com
"HomeStreet, Inc.",iburbank1m@dagondesign.com
Coupa Software Incorporated,mbreadon1n@businessinsider.com
First Trust Small Cap Value AlphaDEX Fund,mbranca1o@ameblo.jp
VelocityShares VIX Medium-Term ETN,eplom1p@wikia.com
PIMCO California Municipal Income Fund,dmcgookin1q@ucoz.ru
"H&E Equipment Services, Inc.",thuckel1r@t.co
Enterprise Financial Services Corporation,aglowach1s@washington.edu
Rosetta Stone,cshervington1t@tumblr.com
Capital Product Partners L.P.,whasnney1u@indiatimes.com
First Trust Small Cap Growth AlphaDEX Fund,mgilding1v@github.io
PartnerRe Ltd.,hpirrone1w@domainmarket.com
Bank of N.T. Butterfield & Son Limited (The),kcasotti1x@addthis.com
Vanguard Russell 1000 ETF,tmantram1y@lulu.com
"LightPath Technologies, Inc.",splott1z@histats.com
VALE S.A.,kskull20@nba.com
"51job, Inc.",mlightbowne21@typepad.com
"MACOM Technology Solutions Holdings, Inc.",vguerner22@ehow.com
iStar Financial Inc.,csamweyes23@ucla.edu
Lindsay Corporation,ytaplin24@netvibes.com
State Street Corporation,santen25@cam.ac.uk
Astronics Corporation,cboatwright26@aol.com
Brookfield Real Assets Income Fund Inc.,keriksson27@webnode.com
"China Jo-Jo Drugstores, Inc.",khrihorovich28@wsj.com
Darling Ingredients Inc.,cbesemer29@apple.com
Domino's Pizza Inc,cstranaghan2a@businessinsider.com
"Paratek Pharmaceuticals, Inc. ",nellesworth2b@marketwatch.com
"FS Bancorp, Inc.",tpeschke2c@rediff.com
"USA Technologies, Inc.",igurney2d@forbes.com
Public Storage,lbossingham2e@360.cn
"Comstock Holding Companies, Inc.",efellman2f@webeden.co.uk
"Hartford Financial Services Group, Inc. (The)",mchastan2g@live.com
Inseego Corp.,gbeckers2h@youtube.com
MV Oil Trust,fjoyner2i@parallels.com
"Collectors Universe, Inc.",bsample2j@de.vu
Amira Nature Foods Ltd,adunlop2k@ezinearticles.com
"Donaldson Company, Inc.",wcanelas2l@craigslist.org
QIWI plc,thardway2m@illinois.edu
"Cohu, Inc.",nhyne2n@weibo.com
"Lakeland Industries, Inc.",lfratczak2o@163.com
Genesco Inc.,jbone2p@nature.com
"CRA International,Inc.",ralsopp2q@ox.ac.uk
"Maximus, Inc.",ktrenoweth2r@printfriendly.com
"Waste Connections, Inc.",colwen2s@paypal.com
National Retail Properties,bswaden2t@posterous.com
DNB Financial Corp,sshewon2u@baidu.com
"The Ensign Group, Inc.",ilittlewood2v@moonfruit.com
"The ONE Group Hospitality, Inc.",zcrackel2w@wp.com
"pdvWireless, Inc.",icarney2x@so-net.ne.jp
"Discovery Communications, Inc.",jambridge2y@apache.org
Allstate Corporation (The),lzorzetti2z@ow.ly
American Campus Communities Inc,mguillerman30@oracle.com
Wells Fargo & Company,msnoden31@shinystat.com
SpartanNash Company,msilverthorne32@so-net.ne.jp
OceanFirst Financial Corp.,btrowbridge33@abc.net.au
"Cyclacel Pharmaceuticals, Inc.",canyon34@parallels.com
"Surgery Partners, Inc.",zchurches35@quantcast.com
Wells Fargo & Company,praysdale36@shutterfly.com
Nuveen Multi-Market Income Fund,bchantillon37@friendfeed.com
Dawson Geophysical Company,egaytor38@senate.gov
Artisan Partners Asset Management Inc.,tsummerlee39@cnbc.com
Great Lakes Dredge & Dock Corporation,flittlechild3a@java.com
Sysco Corporation,hpretley3b@bloglovin.com
OHA Investment Corporation,csemens3c@wufoo.com
Comtech Telecommunications Corp.,jvasey3d@jigsy.com
Zion Oil & Gas Inc,jpuller3e@yolasite.com
The Gabelli Healthcare & Wellness Trust,nfaich3f@hp.com
Brightcove Inc.,sjanos3g@blogs.com
"Mid-America Apartment Communities, Inc.",tnelm3h@about.com
iStar Financial Inc.,siacobucci3i@devhub.com
"Analog Devices, Inc.",igooke3j@dagondesign.com
Adecoagro S.A.,awytchard3k@nsw.gov.au
Urstadt Biddle Properties Inc.,shalgarth3l@usgs.gov
"Acasti Pharma, Inc.",openberthy3m@storify.com
"OpGen, Inc.",ldunk3n@livejournal.com
"Edge Therapeutics, Inc.",ccutchee3o@dell.com
"Brookline Bancorp, Inc.",cclarke3p@bloglines.com
Transglobe Energy Corp,rlapworth3q@google.es
Silicom Ltd,slightbourne3r@barnesandnoble.com
"Inovio Pharmaceuticals, Inc.",fyakebovich3s@multiply.com
"Wheeler Real Estate Investment Trust, Inc.",bdebnam3t@weebly.com
Capital One Financial Corporation,cstones3u@ifeng.com
MDC Partners Inc.,eskitral3v@reddit.com
Exxon Mobil Corporation,mhoyle3w@time.com
"Schmitt Industries, Inc.",kdennehy3x@sun.com
Sharps Compliance Corp,gclist3y@bloglovin.com
"Athersys, Inc.",sbrothwood3z@google.cn
Wintrust Financial Corporation,pholme40@marriott.com
United States Steel Corporation,wlindl41@sciencedirect.com
"Arrowhead Pharmaceuticals, Inc.",hakister42@nih.gov
"Financial Engines, Inc.",wreder43@baidu.com
Alliant Energy Corporation,macklands44@bizjournals.com
PowerShares DWA Momentum Portfolio,mpoe45@vk.com
Rosehill Resources Inc.,kwoodall46@jalbum.net
"Baldwin & Lyons, Inc.",jbehan47@youtu.be
First Trust Municipal CEF Income Opportunity ETF,hmanon48@indiegogo.com
Kimbell Royalty Partners,cramsay49@usatoday.com
iShares MSCI Europe Financials Sector Index Fund,wchastanet4a@irs.gov
PowerShares S&P SmallCap Information Technology Portfolio,machromov4b@miibeian.gov.cn
"Ossen Innovation Co., Ltd.",cebbles4c@webnode.com
Omnicom Group Inc.,warnell4d@vistaprint.com
Yintech Investment Holdings Limited,abrun4e@opensource.org
Iron Mountain Incorporated,rchazier4f@uiuc.edu
Dominion Diamond Corporation,kmccoole4g@google.es
"TriState Capital Holdings, Inc.",jdocharty4h@marketwatch.com
Middlefield Banc Corp.,vlendon4i@123-reg.co.uk
Esterline Technologies Corporation,jcolin4j@ning.com
Aircastle Limited,jdanbury4k@joomla.org
Resolute Forest Products Inc.,bshellum4l@reference.com
Atlantic Coast Financial Corporation,lteulier4m@yolasite.com
Eaton Vance NextShares Trust II,bwhickman4n@php.net
"Apollo Global Management, LLC",btravers4o@dailymail.co.uk
Flaherty & Crumrine Dynamic Preferred and Income Fund Inc.,labrashkov4p@mysql.com
"Bank of the James Financial Group, Inc.",sgiscken4q@qq.com
Core Laboratories N.V.,dkings4r@fema.gov
Cohen & Steers Reit and Preferred Income Fund Inc,mquakley4s@aboutads.info
"Gray Television, Inc.",gvenney4t@walmart.com
"EnLink Midstream Partners, LP",cdashkovich4u@amazon.co.jp
"Piedmont Office Realty Trust, Inc.",ahockey4v@w3.org
"EnerNOC, Inc.",nyeats4w@nymag.com
"Voya Infrastructure, Industrials and Materials Fund",rfoord4x@e-recht24.de
Norwegian Cruise Line Holdings Ltd.,aburtwell4y@studiopress.com
"Sigma Labs, Inc.",tsacchetti4z@google.co.jp
"Strayer Education, Inc.",scheetam50@fda.gov
VOXX International Corporation,rbaudon51@wp.com
Adient plc,gwhimper52@ocn.ne.jp
Edwards Lifesciences Corporation,fianilli53@sbwire.com
LendingClub Corporation,jharmar54@homestead.com
"SG Blocks, Inc.",gleteve55@state.tx.us
"B. Riley Financial, Inc.",dpetrulis56@constantcontact.com
United Microelectronics Corporation,vpaternoster57@loc.gov
First Trust Latin America AlphaDEX Fund,aparamore58@blog.com
Vista Outdoor Inc.,pshallcroff59@mediafire.com
First Trust RiverFront Dynamic Developed International ETF,dbiagi5a@google.com
"Archrock Partners, L.P.",aedinboro5b@utexas.edu
Digimarc Corporation,tlawes5c@guardian.co.uk
"Sierra Oncology, Inc.",dapplegate5d@nydailynews.com
"BroadVision, Inc.",dfeveryear5e@yellowbook.com
Qwest Corporation,kgaggen5f@nymag.com
"Roadrunner Transportation Systems, Inc",plesslie5g@kickstarter.com
PLx Pharma Inc.,tmueller5h@cdc.gov
Enel Chile S.A.,ckleinber5i@dyndns.org
"Marten Transport, Ltd.",agrossman5j@usatoday.com
Kingtone Wirelessinfo Solution Holding Ltd,rjatczak5k@pbs.org
Celanese Corporation,xsyrad5l@cloudflare.com
"CBL & Associates Properties, Inc.",ldeners5m@cam.ac.uk
"Armstrong Flooring, Inc.",javramovic5n@mapy.cz
China Finance Online Co. Limited,ttanswell5o@accuweather.com
Willis Towers Watson Public Limited Company,rorgel5p@yandex.ru
Kimco Realty Corporation,kcastane5q@time.com
Nuveen California AMT-Free Quality Municipal Income Fund,mtebald5r@reddit.com
Francesca's Holdings Corporation,apimbley5s@marketwatch.com
"Ferrellgas Partners, L.P.",cdupree5t@people.com.cn
NVE Corporation,vmcturlough5u@desdev.cn
Baozun Inc.,kbownes5v@ycombinator.com
Splunk Inc.,hcapner5w@huffingtonpost.com
Tata Motors Ltd,jverbeke5x@opensource.org
"OneBeacon Insurance Group, Ltd.",ptrainer5y@walmart.com
"ServisFirst Bancshares, Inc.",kfabbri5z@imgur.com
Wells Fargo & Company,bbarz60@abc.net.au
Nuveen Pennsylvania Quality Municipal Income Fund,abrayshay61@jugem.jp
Public Storage,gborell62@newsvine.com
ICON plc,mbastian63@kickstarter.com
General Finance Corporation,yscryne64@weather.com
Core Laboratories N.V.,jboddymead65@google.pl
Intel Corporation,atapenden66@mac.com
"Red Robin Gourmet Burgers, Inc.",spanniers67@eventbrite.com
Fifth Third Bancorp,bdasent68@cbc.ca
"Fusion Telecommunications International, Inc.",jfarleigh69@uol.com.br
PowerShares S&P SmallCap Energy Portfolio,cmcmichan6a@live.com
"SenesTech, Inc.",hcruttenden6b@dmoz.org
Western Asset Investment Grade Defined Opportunity Trust Inc.,rgilhool6c@vinaora.com
"Dreyfus Strategic Municipal Bond Fund, Inc.",pedmondson6d@sina.com.cn
"TCG BDC, Inc.",dwilflinger6e@google.co.jp
"Banc of California, Inc.",ocathesyed6f@ebay.com
Valley National Bancorp,dprichet6g@vinaora.com
"Wecast Network, Inc.",bfevier6h@ezinearticles.com
Preferred Bank,fgodridge6i@accuweather.com
Adesto Technologies Corporation,rhazley6j@prnewswire.com
"Conifer Holdings, Inc.",pdowyer6k@disqus.com
Eaton Vance Floating Rate Income Trust,rmackison6l@state.gov
Auris Medical Holding AG,dgymblett6m@harvard.edu
"Beneficial Bancorp, Inc.",cdunkinson6n@icio.us
"Barrett Business Services, Inc.",gantcliffe6o@japanpost.jp
Taro Pharmaceutical Industries Ltd.,cfiddler6p@mozilla.org
"Old Dominion Freight Line, Inc.",jcleveley6q@hp.com
"Adams Natural Resources Fund, Inc.",wsicha6r@godaddy.com
"Obalon Therapeutics, Inc.",mwhittier6s@yolasite.com
The Middleby Corporation,npatchett6t@dropbox.com
"LogMein, Inc.",mraggett6u@google.cn
"Colony NorthStar, Inc.",hbartelot6v@e-recht24.de
"PT Telekomunikasi Indonesia, Tbk",kleyburn6w@telegraph.co.uk
Morgan Stanley,aolman6x@gizmodo.com
"One Horizon Group, Inc.",mmolloy6y@marketwatch.com
Sunrun Inc.,swayvill6z@simplemachines.org
"Fred's, Inc.",rshearston70@mozilla.org
Newtek Business Services Corp.,mdobrowski71@vistaprint.com
Comerica Incorporated,rcharville72@netvibes.com
BlackRock Municipal Income Trust,msmidmor73@webnode.com
Check Point Software Technologies Ltd.,cmatthews74@topsy.com
Reading International Inc,cmellmer75@github.io
Liberty Global plc,esorrel76@globo.com
Parker Drilling Company,mblais77@state.tx.us
Mitsubishi UFJ Financial Group Inc,dbeatty78@cnet.com
"Calavo Growers, Inc.",npimerick79@shinystat.com
AllianzGI Equity & Convertible Income Fund,rburwin7a@adobe.com
"Auburn National Bancorporation, Inc.",mmagrannell7b@gravatar.com
United Security Bancshares,bhadgkiss7c@friendfeed.com
"Daktronics, Inc.",wkiley7d@dell.com
"John B. Sanfilippo & Son, Inc.",bcarney7e@dedecms.com
"Home BancShares, Inc.",wandrin7f@feedburner.com
"Novus Therapeutics, Inc.",mscutcheon7g@ocn.ne.jp
BalckRock Taxable Municipal Bond Trust,kbosson7h@youtu.be
"Audentes Therapeutics, Inc.",enewing7i@spiegel.de
Wells Fargo & Company,mmcpaik7j@rediff.com
Partner Communications Company Ltd.,kdymidowski7k@wikipedia.org
"Sally Beauty Holdings, Inc.",hmacaskill7l@ezinearticles.com
AllianceBernstein Holding L.P.,kstoodley7m@cyberchimps.com
"Community Health Systems, Inc.",shaslum7n@bandcamp.com
Fidelity and Guaranty Life,ltallach7o@flickr.com
Lazard Ltd.,beyre7p@bravesites.com
Fifth Third Bancorp,dpercy7q@free.fr
OHA Investment Corporation,ttooher7r@i2i.jp
Garmin Ltd.,mkirkpatrick7s@webs.com
"Limbach Holdings, Inc.",jnell7t@sbwire.com
PIMCO Dynamic Income Fund,clabro7u@netscape.com
"Kingsway Financial Services, Inc.",acranston7v@wiley.com
"Dillard's, Inc.",mlambourne7w@joomla.org
"DHT Holdings, Inc.",ttweedy7x@cdbaby.com
Entertainment Gaming Asia Incorporated,sstanbra7y@hostgator.com
Kentucky First Federal Bancorp,aormston7z@patch.com
Qiagen N.V.,klanceter80@comsenz.com
"National Security Group, Inc.",bbrastead81@xing.com
Pioneer Municipal High Income Advantage Trust,ablatcher82@cyberchimps.com
"Pain Therapeutics, Inc.",agammet83@chron.com
ManpowerGroup,nrapa84@ezinearticles.com
"The Finish Line, Inc.",swormald85@china.com.cn
"Banc of California, Inc.",cbeardon86@rambler.ru
"CareDx, Inc.",wcuskery87@freewebs.com
J P Morgan Chase & Co,pshevelin88@google.com.br
Nationstar Mortgage Holdings Inc.,egeorgius89@aol.com
Regions Financial Corporation,aheinsen8a@woothemes.com
Xerox Corporation,mjennery8b@scientificamerican.com
"Chanticleer Holdings, Inc.",mnethercott8c@e-recht24.de
"NeoGenomics, Inc.",hferreli8d@patch.com
ZAGG Inc,smander8e@blogs.com
"City Office REIT, Inc.",vpiper8f@admin.ch
"Dover Motorsports, Inc.",bbardwall8g@paypal.com
"Zynerba Pharmaceuticals, Inc.",mschulze8h@lycos.com
Eaton vance Floating-Rate Income Plus Fund,nnunn8i@abc.net.au
R.R. Donnelley & Sons Company,msherred8j@rambler.ru
The Providence Service Corporation,wmebes8k@uol.com.br
Liberty Global plc,bwalkley8l@wunderground.com
Lazard Global Total Return and Income Fund,gwillingam8m@wunderground.com
Hubbell Inc,blarcier8n@mit.edu
CECO Environmental Corp.,rcorbishley8o@parallels.com
Inphi Corporation,kmilson8p@feedburner.com
"ChinaNet Online Holdings, Inc.",lcleghorn8q@wordpress.org
"WCF Bancorp, Inc.",ecater8r@i2i.jp
Western Asset High Income Fund II Inc.,rgary8s@wiley.com
"HarborOne Bancorp, Inc.",nrowthorne8t@yelp.com
PowerShares DWA Utilities Momentum Portfolio,mwheowall8u@wordpress.com
"Novan, Inc.",rwillavoys8v@yale.edu
"Connecticut Water Service, Inc.",fnapier8w@angelfire.com
Public Storage,kbrach8x@bigcartel.com
"Myriad Genetics, Inc.",proderighi8y@earthlink.net
Immersion Corporation,ccollomosse8z@163.com
Old Republic International Corporation,vbenner90@wix.com
"Goldman Sachs Group, Inc. (The)",ahustler91@springer.com
Costco Wholesale Corporation,rportam92@de.vu
"Pacira Pharmaceuticals, Inc.",rrodgers93@bloglovin.com
Semiconductor  Manufacturing International Corporation,jwikey94@psu.edu
"Oceaneering International, Inc.",lboecke95@dedecms.com
OFG Bancorp,munworth96@hugedomains.com
IBERIABANK Corporation,hlardez97@oakley.com
"Dominion Energy, Inc.",tpirt98@uol.com.br
DarioHealth Corp.,emessent99@youtu.be
Service Corporation International,mstutely9a@prweb.com
PIMCO New York Municipal Income Fund III,mtattoo9b@aol.com
PowerShares S&P SmallCap Information Technology Portfolio,npitrasso9c@yelp.com
Zix Corporation,gbarendtsen9d@cisco.com
Quorum Health Corporation,abulley9e@ow.ly
"Wheeler Real Estate Investment Trust, Inc.",ltomlin9f@forbes.com
Rosetta Stone,aklamman9g@hc360.com
Barclays PLC,jclaussen9h@alibaba.com
Vical Incorporated,kmcallister9i@tiny.cc
Covisint Corporation,ppottery9j@phoca.cz
"Senomyx, Inc.",ihunter9k@php.net
"Santander Holdings USA, Inc.",fshortcliffe9l@people.com.cn
"Arena Pharmaceuticals, Inc.",bcorneille9m@domainmarket.com
Glaukos Corporation,fkinson9n@samsung.com
Concurrent Computer Corporation,mmaxwell9o@paypal.com
Sina Corporation,lsinnock9p@nifty.com
"Supernus Pharmaceuticals, Inc.",lkingman9q@patch.com
"Donaldson Company, Inc.",bvose9r@reuters.com
"Eldorado Resorts, Inc.",aschroeder9s@discovery.com
"Texas Capital Bancshares, Inc.",mmaccafferky9t@comcast.net
"Grifols, S.A.",jdecourtney9u@artisteer.com
"Edgewater Technology, Inc.",mgohier9v@mayoclinic.com
"RCM Technologies, Inc.",enowill9w@admin.ch
BB&T Corporation,agrewar9x@issuu.com
"Children's Place, Inc. (The)",cthoumasson9y@flickr.com
"FCB Financial Holdings, Inc.",zfackney9z@economist.com
United Insurance Holdings Corp.,dheninghama0@com.com
Brightcove Inc.,mzoanea1@soup.io
"NewStar Financial, Inc.",dgilgrysta2@diigo.com
Nuveen Pennsylvania Quality Municipal Income Fund,eheaffeya3@sbwire.com
"BioTelemetry, Inc.",hgarahana4@goo.gl
"Provident Financial Services, Inc",kurquharta5@live.com
Carpenter Technology Corporation,nmermana6@tumblr.com
"Green Bancorp, Inc.",mgirlinga7@posterous.com
Pioneer Municipal High Income Trust,mhastwalla8@npr.org
Transportadora De Gas Sa Ord B,jslymea9@devhub.com
ConocoPhillips,mbalfouraa@rambler.ru
Yirendai Ltd.,tkeesab@mapy.cz
"Willdan Group, Inc.",bbengleac@yolasite.com
"ServiceNow, Inc.",ppechtad@php.net
"Enanta Pharmaceuticals, Inc.",jwalneae@rambler.ru
Leju Holdings Limited,adebrickaf@cdbaby.com
"Cal-Maine Foods, Inc.",cbellhamag@twitpic.com
Pool Corporation,fgopsallah@discovery.com
Origin Agritech Limited,ebickerdickeai@cbslocal.com
"Pier 1 Imports, Inc.",mhodgenaj@slashdot.org
Canadian National Railway Company,agyurkovicsak@mediafire.com
"Brocade Communications Systems, Inc.",mbrothersal@ezinearticles.com
"DigitalGlobe, Inc",sbaglinam@goo.gl
Enel Chile S.A.,tsportonan@indiatimes.com
"Tetra Tech, Inc.",lyouleao@nsw.gov.au
IZEA Inc.,koleszczakap@oakley.com
Carpenter Technology Corporation,jhabbalaq@miitbeian.gov.cn
"HMN Financial, Inc.",djannar@themeforest.net
SteadyMed Ltd.,alougheadas@free.fr
"Martin Marietta Materials, Inc.",ihadkinsat@squarespace.com
Umpqua Holdings Corporation,nbrounfieldau@typepad.com
"Nutanix, Inc.",llemanuav@gizmodo.com
"Ossen Innovation Co., Ltd.",carringtonaw@ibm.com
Origin Agritech Limited,dreijmersax@theglobeandmail.com
"Rambus, Inc.",lvolonteay@symantec.com
The Charles Schwab Corporation,kkettlesaz@whitehouse.gov
Varex Imaging Corporation,aisackeb0@zimbio.com
iSectors Post-MPT Growth ETF,lneillyb1@nba.com
"HSN, Inc.",lembletonb2@reddit.com
"INC Research Holdings, Inc.",dwaudbyb3@fema.gov
"Neuralstem, Inc.",dskullyb4@wikipedia.org
Endurance Specialty Holdings Ltd,nlapworthb5@hp.com
Timken Steel Corporation,alivenb6@creativecommons.org
AmerisourceBergen Corporation (Holding Co),gsoutterb7@hao123.com
"Mitcham Industries, Inc.",pdymidowskib8@infoseek.co.jp
"J. Jill, Inc.",ayakovlevb9@java.com
Liberty Global plc,cfinlaysonba@livejournal.com
"Royce Value Trust, Inc.",crudkinbb@mapy.cz
Tractor Supply Company,pbrumbyebc@netvibes.com
Aegon NV,kgalerbd@paginegialle.it
Comcast Corporation,agumbybe@ezinearticles.com
Sutherland Asset Management Corporation,tblackwoodbf@archive.org
"GSI Technology, Inc.",slairdcraigbg@statcounter.com
Ivy High Income Opportunities Fund,jdevaanbh@acquirethisname.com
"Malibu Boats, Inc.",ilaxenbi@ca.gov
Hallador Energy Company,aparkhousebj@mayoclinic.com
Vince Holding Corp.,kundybk@merriam-webster.com
Magellan Midstream Partners L.P.,mhelmkebl@reference.com
"Cellular Biomedicine Group, Inc.",chattiganbm@engadget.com
"Ollie's Bargain Outlet Holdings, Inc.",jdingatebn@boston.com
Voya Global Advantage and Premium Opportunity Fund,dsherrockbo@about.me
Carolina Financial Corporation,gmacgillreichbp@wordpress.com
"John Wiley & Sons, Inc.",lardlingbq@yandex.ru
"First Financial Northwest, Inc.",aflowerdewbr@exblog.jp
"Luby's, Inc.",maldcornebs@newyorker.com
"Mitcham Industries, Inc.",dheakbt@forbes.com
KKR & Co. L.P.,redwickbu@google.com
"New York Community Bancorp, Inc.",btandeybv@uol.com.br
Air Lease Corporation,erodiebw@toplist.cz
SVB Financial Group,mcochebx@un.org
"MOCON, Inc.",adismanby@forbes.com
Trecora Resources,bnorridgebz@bigcartel.com
Global X FinTech ETF,ocollingdonc0@google.co.uk
"bluebird bio, Inc.",sfairpoc1@symantec.com
"Maiden Holdings, Ltd.",bguisotc2@printfriendly.com
Kyocera Corporation,vbrodheadc3@nationalgeographic.com
"The Ultimate Software Group, Inc.",kvittelc4@de.vu
"Goldman Sachs Group, Inc. (The)",cbirtwislec5@prweb.com
"NextEra Energy, Inc.",benburyc6@marketwatch.com
"Eyegate Pharmaceuticals, Inc.",awarsapc7@china.com.cn
"NeoGenomics, Inc.",clummc8@google.fr
"Carbo Ceramics, Inc.",mishchenkoc9@who.int
KKR & Co. L.P.,igreghca@biblegateway.com
"Genocea Biosciences, Inc.",jbennycb@toplist.cz
"Alarm.com Holdings, Inc.",troddercc@51.la
Boston Omaha Corporation,drickcordcd@walmart.com
Pennsylvania Real Estate Investment Trust,lsneezumce@ihg.com
"Cooper Companies, Inc. (The)",ccasellicf@nsw.gov.au
"CAI International, Inc.",emanhoodcg@nature.com
"AppFolio, Inc.",rpalphreymanch@jugem.jp
Reynolds American Inc,jcolliberci@nps.gov
"America Movil, S.A.B. de C.V.",ktenauntcj@yelp.com
Severn Bancorp Inc,mmenisck@4shared.com
Synovus Financial Corp.,hhattigancl@cbsnews.com
Canada Goose Holdings Inc.,dmarriscm@google.pl
Calamos Dynamic Convertible & Income Fund,bhillockcn@chronoengine.com
Barings Participation Investors,ogennerichco@msn.com
Otelco Inc.,noheneghancp@merriam-webster.com
Novelion Therapeutics Inc. ,sansticecq@symantec.com
StoneCastle Financial Corp,rgrassettcr@storify.com
"Schmitt Industries, Inc.",pvousdencs@privacy.gov.au
Axar Acquisition Corp.,aribbonct@nps.gov
BlackRock Resources,xfernandocu@tripadvisor.com
Anworth Mortgage Asset  Corporation,kbrowellcv@creativecommons.org
Diana Shipping inc.,jjancarcw@cargocollective.com
Alliance World Dollar Government Fund II,farnoudcx@google.it
Select Income REIT,ywitchallscy@ed.gov
Renren Inc.,ftraytoncz@prweb.com
Bristol-Myers Squibb Company,floveittd0@webnode.com
BP Prudhoe Bay Royalty Trust,tmancktelowd1@apple.com
BlackRock New York Investment Quality Municipal Trust Inc. (Th,rbridgstockd2@vkontakte.ru
iPath US Treasury Flattener ETN,nkleinertd3@elpais.com
"Redwood Trust, Inc.",kcurrelld4@ustream.tv
RiceBran Technologies,aduffyd5@census.gov
Koninklijke Philips N.V.,cthomblesond6@psu.edu
"ADOMANI, Inc.",enewd7@psu.edu
Eltek Ltd.,alammertsd8@zdnet.com
Encore Capital Group Inc,mpeertd9@ox.ac.uk
"Intrepid Potash, Inc",hfawlteyda@rakuten.co.jp
Ecolab Inc.,dcuniffedb@illinois.edu
"Tallgrass Energy Partners, LP",jcestarddc@nps.gov
ADMA Biologics Inc,hobbarddd@freewebs.com
"First Hawaiian, Inc.",kpopplestonede@spotify.com
Nuveen Energy MLP Total Return Fund,mduplandf@mediafire.com
Intellipharmaceutics International Inc.,jautendg@addtoany.com
PowerShares S&P SmallCap Energy Portfolio,vlomasnadh@ebay.co.uk
V.F. Corporation,cporchdi@jalbum.net
First Trust Mid Cap Core AlphaDEX Fund,karnsondj@friendfeed.com
Laboratory Corporation of America Holdings,jruzicdk@rambler.ru
MagneGas Corporation,bstealfoxdl@topsy.com
Qualstar Corporation,khallyburtondm@1und1.de
Citigroup Inc.,reagardn@geocities.com
AllianzGI Convertible & Income Fund II,arallingsdo@walmart.com
PTC Inc.,astirlingdp@prweb.com
Cytori Therapeutics Inc,doakenfalldq@icio.us
Biohaven Pharmaceutical Holding Company Ltd.,gskrzynskidr@t.co
"First Business Financial Services, Inc.",aconechieds@nature.com
"Ascent Capital Group, Inc.",mrozsadt@printfriendly.com
Ameris Bancorp,asemechikdu@goodreads.com
"Quality Systems, Inc.",bgutansdv@booking.com
Nabriva Therapeutics AG,lclowesdw@prweb.com
WMIH Corp.,tmccanndx@geocities.com
"Customers Bancorp, Inc",alangstondy@sbwire.com
"U.S. Global Investors, Inc.",dclemettdz@freewebs.com
Gladstone Investment Corporation,rstewarde0@mashable.com
Royal Bank Scotland plc (The),mrutlande1@weather.com
Canada Goose Holdings Inc.,rhadwene2@vk.com
WisdomTree U.S. SmallCap Quality Dividend Growth Fund,cfollisse3@geocities.jp
Global X SuperDividend REIT ETF,scawthorne4@dropbox.com
"Dollar Tree, Inc.",rchomiszewskie5@alibaba.com
"Nike, Inc.",fburberowe6@utexas.edu
"Cooper Companies, Inc. (The)",rleggine7@desdev.cn
Exxon Mobil Corporation,lfernleye8@ning.com
Dolby Laboratories,tformane9@yolasite.com
Hersha Hospitality Trust,jminghiea@odnoklassniki.ru
Eaton Vance Tax-Advantaged Bond,zslowlyeb@upenn.edu
WisdomTree U.S. Quality Dividend Growth Fund,jmatieuec@buzzfeed.com
State Street Corporation,sferrarottied@nih.gov
"Lake Shore Bancorp, Inc.",srowenaee@cpanel.net
Vistra Energy Corp.,lcortnayef@ycombinator.com
"MaxPoint Interactive, Inc.",rseakingseg@pinterest.com
YPF Sociedad Anonima,klupsoneh@google.de
"SenesTech, Inc.",msticklandei@woothemes.com
"Cardiovascular Systems, Inc.",bmcarleyej@opera.com
"AgroFresh Solutions, Inc.",nchristauffourek@stumbleupon.com
PAREXEL International Corporation,dgofforthel@skyrock.com
EMC Insurance Group Inc.,bfairpoolem@loc.gov
"American Financial Group, Inc.",achampneysen@lycos.com
Wells Fargo & Company,lroziereo@ucsd.edu
Methanex Corporation,rgarmansep@discuz.net
Omnicom Group Inc.,mangoodeq@unblog.fr
PowerShares Nasdaq Internet Portfolio,ehasarder@gov.uk
GCP Applied Technologies Inc.,mhalsworthes@free.fr
Easterly Acquisition Corp.,bkobielaet@boston.com
Carnival Corporation,rdoerseu@newsvine.com
"Kura Oncology, Inc.",csirrellev@cornell.edu
"Aqua America, Inc.",mheadonew@tinyurl.com
Orrstown Financial Services Inc,amuzziex@apple.com
iShares iBoxx $ High Yield ex Oil & Gas Corporate Bond ETF,cdellarey@cisco.com
"NextEra Energy, Inc.",fjorezez@merriam-webster.com
First Trust Large Cap Value AlphaDEX Fund,smephanf0@hatena.ne.jp
Northrop Grumman Corporation,kchurmsf1@alibaba.com
"Boston Properties, Inc.",vaskerf2@auda.org.au
"Lamb Weston Holdings, Inc.",cbolzmannf3@salon.com
"Salem Media Group, Inc.",driolfif4@wisc.edu
First Trust Indxx Global Agriculture ETF,bbullochf5@vk.com
"Fusion Telecommunications International, Inc.",wbalwinf6@ning.com
CF Corporation,aludlamf7@hc360.com
"Lake Shore Bancorp, Inc.",rreffordf8@ning.com
Marriott International,iferensf9@noaa.gov
Hilton Worldwide Holdings Inc.,estringerfa@booking.com
"Sonic Automotive, Inc.",nhanrattyfb@statcounter.com
Tutor Perini Corporation,isarrafc@irs.gov
STERIS plc,bbarwisfd@japanpost.jp
"Tandy Leather Factory, Inc.",imctrusteyfe@reuters.com
Ocwen Financial Corporation,gjakubiakff@yahoo.com
"QuinStreet, Inc.",aschwandnerfg@e-recht24.de
"Knight Transportation, Inc.",erashfh@hugedomains.com
Silver Run Acquisition Corporation II,ndebiasiofi@washingtonpost.com
LCNB Corporation,dkynderfj@opensource.org
Bank of the Ozarks,fwoloschinskifk@goo.gl
"MyoKardia, Inc.",mdadsonfl@buzzfeed.com
"Crown Crafts, Inc.",kstinsonfm@constantcontact.com
"Delaware Investments Dividend & Income Fund, Inc.",mspratleyfn@oaic.gov.au
"NRG Yield, Inc.",gmitchelfo@fotki.com
"Clear Channel Outdoor Holdings, Inc.",adowersfp@ning.com
"Blackrock MuniYield Michigan Quality Fund, Inc.",nbrotherhoodfq@posterous.com
"B. Riley Financial, Inc.",vbraxtonfr@nbcnews.com
"Willdan Group, Inc.",mmcenteggartfs@ebay.com
Hoegh LNG Partners LP,aluckeyft@elpais.com
"Ardelyx, Inc.",cmaccartneyfu@admin.ch
"Blackrock MuniVest Fund II, Inc.",bpacherfv@cnn.com
Alpha and Omega Semiconductor Limited,ltilfordfw@addtoany.com
"Kinder Morgan, Inc.",sdubbinfx@fema.gov
Kimco Realty Corporation,tusherwoodfy@wp.com
Exterran Corporation,eskatcherfz@goo.ne.jp
"Alexion Pharmaceuticals, Inc.",sfrichleyg0@lycos.com
"CDK Global, Inc.",awarbeysg1@flavors.me
"Scripps Networks Interactive, Inc",chogginsg2@usatoday.com
"Meridian Waste Solutions, Inc",rbrosolig3@yolasite.com
"SunCoke Energy Partners, L.P.",wscallyg4@buzzfeed.com
"Xenith Bankshares, Inc.",bwinksg5@acquirethisname.com
Callaway Golf Company,kbasketterg6@imgur.com
Janus Henderson SG Global Quality Income ETF,coliverasg7@yellowpages.com
VictoryShares US Small Cap Volatility Wtd ETF,gstembridgeg8@sun.com
Medley LLC,kshalloeg9@twitpic.com
"Cloudera, Inc.",kmuggachga@mail.ru
SpartanNash Company,mpopeleygb@ovh.net
"ICU Medical, Inc.",tminchintongc@acquirethisname.com
First Trust Nasdaq Bank ETF,mtibbsgd@mozilla.org
"Enable Midstream Partners, LP",sfullege@cnet.com
"Determine, Inc. ",eennalsgf@quantcast.com
Belden Inc,bclamogg@tuttocitta.it
"Strata Skin Sciences, Inc.",csterkegh@exblog.jp
Scudder Strategic Income Trust,mmaciagi@ow.ly
Pennsylvania Real Estate Investment Trust,jethridgegj@paginegialle.it
REGENXBIO Inc.,bmievillegk@yellowbook.com
Pebblebrook Hotel Trust,froxbygl@storify.com
"Advanced Semiconductor Engineering, Inc.",tlehriangm@mayoclinic.com
"Synthetic Fixed-Income Securities, Inc.",fjedrzejewskign@house.gov
"National Grid Transco, PLC",cbendarego@freewebs.com
The ExOne Company,sscotchmurgp@mozilla.org
Forum Merger Corporation,isoregq@php.net
Regions Financial Corporation,bdavydkovgr@vimeo.com
"P & F Industries, Inc.",bingletongs@ning.com
First Trust Strategic Income ETF,dolohangt@comsenz.com
Michael Kors Holdings Limited,shaugergu@4shared.com
"Chembio Diagnostics, Inc.",aaldersleygv@lulu.com
MFS Intermediate Income Trust,ggirodingw@newyorker.com
The Long-Term Care ETF,laspeygx@t.co
"UMH Properties, Inc.",glightbowngy@gnu.org
"NL Industries, Inc.",srohloffgz@usda.gov
"A10 Networks, Inc.",lfawdrieh0@google.ca
"Speedway Motorsports, Inc.",dgrogonoh1@mapquest.com
"Cullen/Frost Bankers, Inc.",tizzatth2@cnet.com
WisdomTree Emerging Markets Quality Dividend Growth Fund,klambornh3@phoca.cz
"Banc of California, Inc.",atebaldh4@chicagotribune.com
Urstadt Biddle Properties Inc.,bmatuszkiewiczh5@geocities.jp
"Howard Bancorp, Inc.",dpunchh6@imdb.com
Eltek Ltd.,mwrittleh7@salon.com
Scudder Multi-Market Income Trust,colivoh8@angelfire.com
"Leggett & Platt, Incorporated",klindborgh9@blog.com
"Citi Trends, Inc.",kbassoha@canalblog.com
"QTS Realty Trust, Inc.",lbasnallhb@gravatar.com
VEON Ltd.,dhrinchishinhc@ehow.com
"P.A.M. Transportation Services, Inc.",blokerhd@ow.ly
"Sun Communities, Inc.",rdultonhe@webmd.com
"Asta Funding, Inc.",aescotthf@typepad.com
AEterna Zentaris Inc.,mshirehg@nih.gov
"Proto Labs, Inc.",dgrievehh@census.gov
First Trust NASDAQ Global Auto Index Fund,hormshawhi@examiner.com
RBC Bearings Incorporated,wheardhj@blog.com
NASDAQ TEST STOCK,dgatecliffhk@digg.com
"Centennial Resource Development, Inc.",rmcgilbonhl@princeton.edu
"Estee Lauder Companies, Inc. (The)",dkenionhm@amazon.de
Orange,efitzsymonshn@people.com.cn
Quanex Building Products Corporation,wvasiltsovho@arstechnica.com
"Gabelli Equity Trust, Inc. (The)",hconneelyhp@purevolume.com
"Trevena, Inc.",rbendelhq@ocn.ne.jp
John Hancock Preferred Income Fund,tluishr@discuz.net
Vanguard International Dividend Appreciation ETF,hrootehs@state.gov
"Peak Resorts, Inc.",arugieroht@cnet.com
"Barracuda Networks, Inc.",tdommetthu@nbcnews.com
MTS Systems Corporation,cglidderhv@hibu.com
John Hancock Financial Opportunities Fund,wsumpterhw@ifeng.com
"Spirit Aerosystems Holdings, Inc.",icolreinhx@weather.com
"EOG Resources, Inc.",gguppeyhy@themeforest.net
"IDACORP, Inc.",abaulkhz@uiuc.edu
First Bank,bwinchcombi0@samsung.com
Rosetta Stone,agrievei1@goo.gl
"GTY Technology Holdings, Inc.",dbenti2@cmu.edu
Pope Resources,shannawayi3@usa.gov
Domtar Corporation,twanelli4@google.com.au
ENDRA Life Sciences Inc.,cliveni5@t-online.de
Landmark Infrastructure Partners LP,posbaldestoni6@nbcnews.com
Bank of America Corporation,kdanaheri7@google.pl
Time Inc.,roneili8@cornell.edu
"Exponent, Inc.",olowensohni9@uiuc.edu
Verint Systems Inc.,sodooghaineia@storify.com
Aspen Insurance Holdings Limited,srobelinib@pinterest.com
Arch Capital Group Ltd.,scruftsic@desdev.cn
Nuveen Real Estate Fund,dbarribalid@mashable.com
"Seattle Genetics, Inc.",kboltonie@oracle.com
United Security Bancshares,cscarseif@imdb.com
Everi Holdings Inc.,dblaschkeig@usda.gov
CHS Inc,mcutsforthih@usa.gov
"Titan Pharmaceuticals, Inc.",rlarkworthyii@earthlink.net
Eaton Vance NextShares Trust,rsprullij@nyu.edu
Telefonica SA,mperrelliik@artisteer.com
Ingredion Incorporated,jgageil@photobucket.com
"NextEra Energy, Inc.",jregelousim@mail.ru
iShares iBoxx $ High Yield ex Oil & Gas Corporate Bond ETF,sgarveyin@prnewswire.com
"Broadwind Energy, Inc.",rwhorallio@usnews.com
"Mammoth Energy Services, Inc.",sspondleyip@craigslist.org
"Escalade, Incorporated",hferreiroiq@creativecommons.org
"United Bancorp, Inc.",mmillmoeir@foxnews.com
Heritage Commerce Corp,bentwisleis@1688.com
First Trust Multi Cap Value AlphaDEX Fund,jsandellit@sohu.com
Alibaba Group Holding Limited,hwiseiu@ebay.co.uk
"AVEO Pharmaceuticals, Inc.",bwisheriv@virginia.edu
Diversicare Healthcare Services Inc.,pcouchmaniw@bizjournals.com
"First Cash, Inc.",ehatonix@wikipedia.org
The KEYW Holding Corporation,rberiiy@booking.com
Snap Inc.,cloudeniz@mozilla.com
Citigroup Inc.,mbeebej0@cornell.edu
Avista Healthcare Public Acquisition Corp.,ifarrisj1@storify.com
"Gamco Investors, Inc.",fkobschj2@usnews.com
General Dynamics Corporation,wfarnabyj3@blogs.com
Endurance Specialty Holdings Ltd,dbacupj4@answers.com
"MVC Capital, Inc.",kjillionsj5@typepad.com
Alpha and Omega Semiconductor Limited,rbartrumj6@time.com
Intel Corporation,mfruserj7@fema.gov
Starbucks Corporation,baluardj8@about.me
"Antares Pharma, Inc.",jstienhamj9@prlog.org
"Caterpillar, Inc.",gportmanja@cafepress.com
Ingevity Corporation,pcogarjb@howstuffworks.com
Central Garden & Pet Company,aclaragejc@wiley.com
"Aware, Inc.",rgilsthorpejd@arizona.edu
Standex International Corporation,modonohueje@wp.com
Curtiss-Wright Corporation,lmennearjf@ehow.com
Cosan Limited,jcolwilljg@paypal.com
"Stericycle, Inc.",vsedgemondjh@nba.com
Inpixon ,cluckettji@globo.com
First Trust NASDAQ Clean Edge Green Energy Index Fund,bantonowiczjj@arizona.edu
Good Times Restaurants Inc.,alogsdailjk@phoca.cz
Oi S.A.,sheavysidejl@tiny.cc
"Capricor Therapeutics, Inc.",sheapjm@prnewswire.com
Northrop Grumman Corporation,iolufsenjn@blogger.com
"Ebix, Inc.",cbrowerjo@xrea.com
"DexCom, Inc.",gcottilljp@furl.net
"Retail Properties of America, Inc.",slovelessjq@apache.org
National Steel Company,kcrossfeldjr@technorati.com
VWR Corporation,blantjs@hud.gov
"Century Bancorp, Inc.",drubinowiczjt@google.nl
"Enova International, Inc.",pveldenju@wunderground.com
"PS Business Parks, Inc.",livkovicjv@yolasite.com
The Carlyle Group L.P.,cjaqueminetjw@redcross.org
"Titan International, Inc.",csackettjx@discovery.com
Cohen & Steers Quality Income Realty Fund Inc,cwhitnalljy@salon.com
Brainstorm Cell Therapeutics Inc.,jshellumjz@nymag.com
"Gaming and Leisure Properties, Inc.",nroalfek0@icio.us
Noble Midstream Partners LP,gpenzerk1@cargocollective.com
Yirendai Ltd.,ejenckesk2@slideshare.net
CBO (Listing Market - NYSE - Networks A/E),lserjeantk3@addthis.com
Entergy Corporation,koneilek4@europa.eu
"Beacon Roofing Supply, Inc.",nfaseyk5@miitbeian.gov.cn
Federal Agricultural Mortgage Corporation,iwolfendalek6@bing.com
Eagle Point Credit Company Inc.,bpilmorek7@technorati.com
"MDU Resources Group, Inc.",nsolomonidesk8@jiathis.com
Wells Fargo & Company,aupstellk9@omniture.com
"County Bancorp, Inc.",esemperka@ning.com
TravelCenters of America LLC,tabeaukb@ted.com
PowerShares High Yield Equity Dividend Achievers Portfolio,lgaitungkc@google.co.uk
GigaMedia Limited,otissimankd@vk.com
"THL Credit, Inc.",llevike@blinklist.com
Aegon NV,kscawtonkf@buzzfeed.com
WisdomTree Emerging Markets Corporate Bond Fund,fsaileskg@squidoo.com
MFS Multimarket Income Trust,fhagardkh@ed.gov
"Onvia, Inc.",dgittuski@sun.com
Neonode Inc.,marmourkj@jigsy.com
"Latin American Discovery Fund, Inc. (The)",ppydcockkk@hud.gov
First Trust Small Cap Growth AlphaDEX Fund,csheronkl@usatoday.com
CIT Group Inc (DEL),jbearfootkm@psu.edu
"U.S. Auto Parts Network, Inc.",lbailskn@dmoz.org
"Verifone Systems, Inc.",fhazlewoodko@networksolutions.com
Washington Real Estate Investment Trust,rcrowhurstkp@fema.gov
Jupai Holdings Limited,gmacairtkq@columbia.edu
DTE Energy Company,bbamburykr@histats.com
Gladstone Land Corporation,fpeartreeks@spotify.com
"United Financial Bancorp, Inc. ",dtumbridgekt@howstuffworks.com
GSV Capital Corp,loffilerku@aol.com
"Axon Enterprise, Inc.",deldrittkv@forbes.com
Monotype Imaging Holdings Inc.,cspinaskw@google.co.uk
Intec Pharma Ltd.,bclokekx@mozilla.org
"Idera Pharmaceuticals, Inc.",salfky@miibeian.gov.cn
"DST Systems, Inc.",yjahnckekz@china.com.cn
Landmark Bancorp Inc.,lbustonl0@google.com.br
GP Strategies Corporation,dhindhaughl1@creativecommons.org
BP Prudhoe Bay Royalty Trust,estockfordl2@discuz.net
"Zynerba Pharmaceuticals, Inc.",aleybandl3@imageshack.us
Crane Company,hweatherleyl4@uol.com.br
Nuveen Quality Municipal Income Fund,jsalernol5@microsoft.com
"Provident Financial Holdings, Inc.",blivesleyl6@wordpress.org
"U.S. Auto Parts Network, Inc.",bciciottil7@wikipedia.org
Seaspan Corporation,sstraingel8@mashable.com
"Colony NorthStar, Inc.",abrindedl9@addtoany.com
General Finance Corporation,hparkmanla@reverbnation.com
Scudder Strategic Income Trust,dsherrattlb@microsoft.com
iShares MSCI ACWI ex US Index Fund,ggilmanlc@delicious.com
"KalVista Pharmaceuticals, Inc.",kmcritchield@addthis.com
"Consolidated Communications Holdings, Inc.",smuntonle@omniture.com
Federal Agricultural Mortgage Corporation,kdaenenlf@mapquest.com
"LGI Homes, Inc.",bbeadmanlg@yellowpages.com
Preferred Bank,heverleylh@kickstarter.com
Aegon NV,gsanpereli@discovery.com
"Equity Lifestyle Properties, Inc.",bemmenslj@msn.com
"Genocea Biosciences, Inc.",ahankardlk@yolasite.com
SJW Group,vricharzll@meetup.com
NASDAQ TEST STOCK,dpellattlm@latimes.com
Buenaventura Mining Company Inc.,oadhamsln@guardian.co.uk
Seritage Growth Properties,lwillcotlo@elegantthemes.com
"Health Insurance Innovations, Inc.",hdellenbrokerlp@soup.io
RAIT Financial Trust,tmcairtlq@wikia.com
"Richardson Electronics, Ltd.",eerbainlr@nsw.gov.au
"Summit Midstream Partners, LP",disworthls@usgs.gov
"Westell Technologies, Inc.",vjantotlt@tuttocitta.it
NeuroDerm Ltd.,odrakefordlu@techcrunch.com
"TPI Composites, Inc.",bmanthalv@pagesperso-orange.fr
Baxter International Inc.,vfazziolilw@angelfire.com
"Edgewater Technology, Inc.",fkynelx@kickstarter.com
"A V Homes, Inc.",mdunkersleyly@washington.edu
Canterbury Park Holding Corporation,mwoodfordlz@arizona.edu
Genesco Inc.,rleckeym0@ft.com
Citigroup Inc.,hwillmettsm1@jalbum.net
"Foot Locker, Inc.",lwakeleym2@nature.com
H. B. Fuller Company,iocurneenm3@berkeley.edu
"Anthera Pharmaceuticals, Inc.",ccoggeshallm4@feedburner.com
"Titan Pharmaceuticals, Inc.",eeasterbrookm5@odnoklassniki.ru
First Trust South Korea AlphaDEX Fund,pcolletonm6@hugedomains.com
"Clear Channel Outdoor Holdings, Inc.",lmajurym7@state.gov
"Maxwell Technologies, Inc.",ryepiskopovm8@odnoklassniki.ru
Goldcorp Inc.,kgentilem9@foxnews.com
ManTech International Corporation,bboageyma@google.com.br
"Gabelli Equity Trust, Inc. (The)",aluisettimb@cmu.edu
"Raymond James Financial, Inc.",hlooksmc@washingtonpost.com
Jacobs Engineering Group Inc.,rderellmd@nyu.edu
Norwood Financial Corp.,togilvyme@craigslist.org
Bruker Corporation,jjanodetmf@ted.com
PartnerRe Ltd.,kdymidowskimg@samsung.com
Pharmerica Corporation,tstainmh@posterous.com
Fonar Corporation,cklarzynskimi@imgur.com
"WCF Bancorp, Inc.",blinggardmj@dedecms.com
Concordia International Corp.,mdawtreymk@wp.com
DDR Corp.,ncampaigneml@ftc.gov
"Knight Transportation, Inc.",bsmelliemm@home.pl
Encana Corporation,cschnittermn@sbwire.com
Marathon Petroleum Corporation,llewtonmo@shutterfly.com
Federal Signal Corporation,tstannersmp@wired.com
"Harvard Bioscience, Inc.",hcuttsmq@slideshare.net
"Dominion Energy, Inc.",pkaymr@wired.com
Baltimore Gas & Electric Company,pferensms@statcounter.com
"Pulmatrix, Inc.",bhowatmt@issuu.com
"Protagonist Therapeutics, Inc.",jeulmu@nhs.uk
"Asia Pacific Fund, Inc. (The)",ajoddensmv@merriam-webster.com
BLDRS Developed Markets 100 ADR Index Fund,nmacririemw@list-manage.com
Vanguard Intermediate-Term Corporate Bond ETF,amacconnultymx@biblegateway.com
R.R. Donnelley & Sons Company,fleathleymy@wix.com
"Alexandria Real Estate Equities, Inc.",bdawidmz@delicious.com
"Pearson, Plc",fcoatmann0@plala.or.jp
Prudential Public Limited Company,kmoylen1@reverbnation.com
"Haverty Furniture Companies, Inc.",tstokoen2@tiny.cc
Vanguard Short-Term Corporate Bond ETF,jhauckn3@nyu.edu
"Royce Global Value Trust, Inc.",tmackinnonn4@globo.com
"Fred's, Inc.",adavidovitzn5@slashdot.org
Vanguard Long-Term Government Bond ETF,sjerroltn6@loc.gov
Modern Media Acquisition Corp.,cmcglynnn7@apple.com
"Stanley Black & Decker, Inc.",oduggann8@reddit.com
Taylor Morrison Home Corporation,ewoolastonn9@goo.gl
Vodafone Group Plc,tharfordna@joomla.org
M&T Bank Corporation,fpringleynb@parallels.com
iStar Financial Inc.,twoosnamnc@sakura.ne.jp
"TCG BDC, Inc.",cbleasdillend@topsy.com
Pampa Energia S.A.,dbrettorne@google.fr
EPR Properties,cserminnf@example.com
United Microelectronics Corporation,lhaillng@amazon.com
Amira Nature Foods Ltd,mlumnh@aol.com
"Inogen, Inc",mmctearni@cam.ac.uk
"Netflix, Inc.",pchristensennj@bandcamp.com
"Superior Energy Services, Inc.",gokieltnk@xrea.com
Gemphire Therapeutics Inc.,rwelbelovenl@jalbum.net
"Watsco, Inc.",kshillittonm@google.co.uk
Equity Commonwealth,averbeeknn@spotify.com
"CB Financial Services, Inc.",alonghurstno@nba.com
XBiotech Inc.,iwalpolenp@kickstarter.com
"Omega Healthcare Investors, Inc.",krockliffenq@patch.com
First Majestic Silver Corp.,eveillardnr@vimeo.com
Eaton Vance Tax-Advantaged Bond,gbaumanns@sfgate.com
"Airgain, Inc.",cbirneynt@macromedia.com
First Trust Mega Cap AlphaDEX Fund,aarrellnu@yahoo.com
Neogen Corporation,alanchberynv@businessinsider.com
"Del Taco Restaurants, Inc.",wpfaffelnw@creativecommons.org
F.N.B. Corporation,mwicklennx@bigcartel.com
HSBC Holdings plc,asomerledny@dyndns.org
Cerus Corporation,lstanbronz@zdnet.com
BSQUARE Corporation,erosenzveigo0@twitter.com
Deutsch Bk Contingent Cap Tr V,gleflocho1@taobao.com
Ares Capital Corporation,xgaraghano2@theglobeandmail.com
Silicom Ltd,sweeperso3@posterous.com
Medallion Financial Corp.,jvanyo4@imageshack.us
Sphere 3D Corp.,maleno5@indiegogo.com
"Express, Inc.",bkinneyo6@free.fr
"Comstock Resources, Inc.",kcominio7@psu.edu
"TheStreet, Inc.",gbortho8@psu.edu
"Blackrock MuniYield California Insured Fund, Inc.",enesbyo9@biglobe.ne.jp
"Nova Lifestyle, Inc",bpertonoa@arstechnica.com
Nuveen Dow 30SM Dynamic Overwrite Fund,fseeviourob@unc.edu
Liberty Global plc,jtheisoc@squidoo.com
"Thai Fund, Inc. (The)",khopkynsod@liveinternet.ru
Territorial Bancorp Inc.,lburgwynoe@theglobeandmail.com
Tsakos Energy Navigation Ltd,cpicklessof@google.co.uk
"Landauer, Inc.",acranshawog@nbcnews.com
ProShares UltraPro QQQ,rharringtonoh@noaa.gov
"Yum China Holdings, Inc.",chammelloi@psu.edu
Global Partner Acquisition Corp.,dbellisoj@dot.gov
Suncor Energy  Inc.,mverdyok@wordpress.com
"Virtu Financial, Inc.",screminol@github.com
Sotheby's,fmaberleyom@patch.com
JinkoSolar Holding Company Limited,sdudlistonon@engadget.com
Ecopetrol S.A.,dkeoughoo@marriott.com
Celyad SA,sbadrockop@usgs.gov
"Aviragen Therapeutics, Inc.",rlampkeoq@mayoclinic.com
Korn/Ferry International,aknightlyor@tripadvisor.com
"Blue Buffalo Pet Products, Inc.",rbreakwellos@google.com
"Ottawa Bancorp, Inc.",camayaot@angelfire.com
"Navigant Consulting, Inc.",froppou@tumblr.com
"Resources Connection, Inc.",mscannellov@weibo.com
"Sonus Networks, Inc.",aiskowerow@home.pl
PIMCO Dynamic Credit and Mortgage Income Fund,sbalogox@baidu.com
"Planet Fitness, Inc.",mgreensittoy@newsvine.com
Vector Group Ltd.,mpietrowiczoz@cpanel.net
Commercial Metals Company,rmewisp0@deviantart.com
"Spirit Airlines, Inc.",pferronetp1@eventbrite.com
Natural Health Trends Corp.,eishakp2@prlog.org
Teekay Offshore Partners L.P.,rwenmanp3@is.gd
Select Asset Inc.,echeleyp4@omniture.com
Sparton Corporation,mcaylep5@springer.com
Qwest Corporation,lsquibbsp6@mozilla.com
Bank of Nova Scotia (The),vbromptonp7@wsj.com
PIMCO Municipal Income Fund III,tbeedonp8@craigslist.org
VictoryShares US Large Cap High Div Volatility Wtd ETF,jbarracksp9@multiply.com
Ingevity Corporation,ecookespa@bloomberg.com
Ferro Corporation,ghawlerpb@prlog.org
MB Financial Inc.,ttofanopc@cornell.edu
Suncor Energy  Inc.,jcurryerpd@prweb.com
China Cord Blood Corporation,smertgenpe@cpanel.net
Wells Fargo & Company,bdomepf@netlog.com
"Medical Properties Trust, Inc.",lwisdenpg@phoca.cz
Lazard Ltd.,ngunbyph@zimbio.com
FlexShares US Quality Large Cap Index Fund,kpotterilpi@ibm.com
"HFF, Inc.",rtwamleypj@imageshack.us
"AmTrust Financial Services, Inc.",jdrewspk@tumblr.com
Tekla Healthcare Investors,rkrysztofowiczpl@usgs.gov
Naked Brand Group Inc.,agodbeherepm@liveinternet.ru
Playa Hotels & Resorts N.V.,cheballpn@prnewswire.com
CombiMatrix Corporation,scorringtonpo@ted.com
"KVH Industries, Inc.",calwenpp@stanford.edu
EXFO Inc,tgrinvalpq@mapquest.com
Cellect Biotechnology Ltd.,mpilepr@illinois.edu
"Varonis Systems, Inc.",swinningps@rakuten.co.jp
"Sprott Focus Trust, Inc.",vschelligpt@cbsnews.com
Bioblast Pharma Ltd.,fdamettipu@sitemeter.com
National Holdings Corporation,ggathercoalpv@engadget.com
"I.D. Systems, Inc.",gberrillpw@berkeley.edu
OM Asset Management plc,dsturrockpx@addtoany.com
"Speedway Motorsports, Inc.",acinnamondpy@wiley.com
Duff & Phelps Global Utility Income Fund Inc.,psorsbypz@amazon.co.uk
"Aerohive Networks, Inc.",cmbarronq0@ehow.com
Antero Resources Corporation,abalfreq1@arizona.edu
Giga-tronics Incorporated,bheffordeq2@freewebs.com
Hudbay Minerals Inc.,ainnocentq3@yellowpages.com
Novanta Inc.,rgeorgeouq4@etsy.com
Scudder Municiple Income Trust,mfirbankq5@weibo.com
"Western Gas Partners, LP",htabbernorq6@timesonline.co.uk
OM Asset Management plc,sleafq7@meetup.com
United Technologies Corporation,mvodenq8@washingtonpost.com
Ardmore Shipping Corporation,adastq9@flavors.me
Leading Brands Inc,cfloresqa@shop-pro.jp
"Tempur Sealy International, Inc.",sbrettelqb@wisc.edu
Kimco Realty Corporation,tbuckbeeqc@sphinn.com
Veeco Instruments Inc.,zhaskerqd@furl.net
Access National Corporation,dtookerqe@about.com
Travelzoo,nmcfallqf@bravesites.com
"TriState Capital Holdings, Inc.",tlabetqg@intel.com
"Covenant Transportation Group, Inc.",kmilvarnieqh@exblog.jp
Blackrock MuniYield Investment QualityFund,wrogansqi@cloudflare.com
"American Financial Group, Inc.",pbarrabealeqj@wufoo.com
INVESCO MORTGAGE CAPITAL INC,emannieqk@salon.com
First Trust Hong Kong AlphaDEX Fund,mbeavenql@t-online.de
Hingham Institution for Savings,lmaclleeseqm@wikimedia.org
Invesco High Income Trust II,rmonierqn@a8.net
Goldman Sachs MLP Income Opportunities Fund,jslixbyqo@blog.com
58.com Inc.,bsiddonsqp@go.com
Credit Suisse AG,nprattinqq@earthlink.net
"Genius Brands International, Inc.",oslobomqr@github.io
Sterling Construction Company Inc,jribeiroqs@disqus.com
Ivy High Income Opportunities Fund,aamerighiqt@freewebs.com
Tiptree Inc.,nraddishqu@hexun.com
W.R. Grace & Co.,nludlemqv@aboutads.info
"Clean Harbors, Inc.",vtartqw@ezinearticles.com
"Affiliated Managers Group, Inc.",meakleyqx@sciencedirect.com
"Discovery Communications, Inc.",vfarrerqy@clickbank.net
ClearBridge Energy MLP Opportunity Fund Inc.,hhawthorneqz@delicious.com
Tuniu Corporation,cscrivenerr0@tiny.cc
"Cohen & Steers MLP Income and Energy Opportunity Fund, Inc.",lhenighanr1@yellowbook.com
"Alon USA Partners, LP",twehnerrr2@time.com
"Identiv, Inc.",abauchopr3@technorati.com
"USLIFE Income Fund, Inc.",nchrystier4@sourceforge.net
Christopher & Banks Corporation,fallawyr5@blogger.com
"OncoMed Pharmaceuticals, Inc.",cbennetr6@constantcontact.com
Synovus Financial Corp.,sflugerr7@weebly.com
"Bellicum Pharmaceuticals, Inc.",gpinnionr8@state.tx.us
"GTT Communications, Inc.",gpirduer9@behance.net
MainStay DefinedTerm Municipal Opportunities Fund,askeemerra@unesco.org
"MetLife, Inc.",bmilnerb@sbwire.com
CONMED Corporation,pbarbischrc@npr.org
Principal Millennials Index ETF,gcarbettrd@youtu.be
"Taubman Centers, Inc.",aparkre@facebook.com
Vornado Realty Trust,tgaskallrf@hexun.com
Aspen Insurance Holdings Limited,cmorradrg@moonfruit.com
"Home Depot, Inc. (The)",wgiacobiliorh@quantcast.com
O2Micro International Limited,mgingelri@dedecms.com
"BGC Partners, Inc.",jahernerj@hud.gov
"Howard Bancorp, Inc.",bsouthwardrk@chicagotribune.com
"Apollo Global Management, LLC",rruskinrl@mysql.com
"Herman Miller, Inc.",hmcilwreathrm@timesonline.co.uk
CA Inc.,bcordellern@edublogs.org
"Nordstrom, Inc.",imaccleayro@hao123.com
Aradigm Corporation,cyousterrp@discovery.com
"Micronet Enertec Technologies, Inc.",rmawdrq@com.com
"VistaGen Therapeutics, Inc.",mfullyloverr@virginia.edu
